asset,value
SPX,-0.25650000000000006
Oil,1.7605273636645113
Gold,-0.678397536713119
US10Y,0.014000000000000012
